index,date
213,30 Dec 2017
214,30 Dec 2017
215,28 Dec 2017
216,22 Dec 2017
217,22 Dec 2017
218,22 Dec 2017
219,21 Dec 2017
220,20 Dec 2017
221,18 Dec 2017
222,18 Dec 2017
223,17 Dec 2017
224,15 Dec 2017
225,14 Dec 2017
226,14 Dec 2017
227,11 Dec 2017
228,7 Dec 2017
229,3 Dec 2017
230,1 Dec 2017
231,30 Nov 2017
232,30 Nov 2017
233,29 Nov 2017
234,29 Nov 2017
235,28 Nov 2017
236,27 Nov 2017
237,26 Nov 2017
238,23 Nov 2017
239,23 Nov 2017
240,22 Nov 2017
241,22 Nov 2017
242,22 Nov 2017
243,21 Nov 2017
244,21 Nov 2017
245,19 Nov 2017
246,16 Nov 2017
247,16 Nov 2017
248,15 Nov 2017
249,14 Nov 2017
250,14 Nov 2017
251,14 Nov 2017
252,12 Nov 2017
253,11 Nov 2017
254,11 Nov 2017
255,11 Nov 2017
256,11 Nov 2017
257,9 Nov 2017
258,8 Nov 2017
259,8 Nov 2017
260,8 Nov 2017
261,7 Nov 2017
262,7 Nov 2017
263,7 Nov 2017
264,6 Nov 2017
265,6 Nov 2017
266,6 Nov 2017
267,4 Nov 2017
268,3 Nov 2017
269,3 Nov 2017
270,2 Nov 2017
271,2 Nov 2017
272,2 Nov 2017
273,1 Nov 2017
274,1 Nov 2017
275,31 Oct 2017
276,31 Oct 2017
277,31 Oct 2017
278,31 Oct 2017
279,30 Oct 2017
280,29 Oct 2017
281,29 Oct 2017
282,27 Oct 2017
283,27 Oct 2017
284,26 Oct 2017
285,26 Oct 2017
286,26 Oct 2017
287,25 Oct 2017
288,25 Oct 2017
289,24 Oct 2017
290,24 Oct 2017
291,23 Oct 2017
292,22 Oct 2017
293,22 Oct 2017
294,22 Oct 2017
295,22 Oct 2017
296,22 Oct 2017
297,22 Oct 2017
298,21 Oct 2017
299,20 Oct 2017
300,20 Oct 2017
301,20 Oct 2017
302,19 Oct 2017
303,19 Oct 2017
304,19 Oct 2017
305,19 Oct 2017
306,17 Oct 2017
307,16 Oct 2017
308,15 Oct 2017
309,12 Oct 2017
310,11 Oct 2017
311,10 Oct 2017
312,10 Oct 2017
313,8 Oct 2017
314,8 Oct 2017
315,8 Oct 2017
316,7 Oct 2017
317,6 Oct 2017
318,6 Oct 2017
319,4 Oct 2017
320,4 Oct 2017
321,3 Oct 2017
322,3 Oct 2017
323,1 Oct 2017
324,1 Oct 2017
325,1 Oct 2017
326,30 Sep 2017
327,29 Sep 2017
328,29 Sep 2017
329,29 Sep 2017
330,22 Sep 2017
331,21 Sep 2017
332,21 Sep 2017
333,20 Sep 2017
334,17 Sep 2017
335,17 Sep 2017
336,15 Sep 2017
337,14 Sep 2017
338,14 Sep 2017
339,9 Sep 2017
340,8 Sep 2017
341,8 Sep 2017
342,8 Sep 2017
343,7 Sep 2017
344,6 Sep 2017
345,6 Sep 2017
346,4 Sep 2017
347,3 Sep 2017
348,2 Sep 2017
349,2 Sep 2017
350,1 Sep 2017
351,31 Aug 2017
352,31 Aug 2017
353,31 Aug 2017
354,31 Aug 2017
355,31 Aug 2017
356,31 Aug 2017
357,30 Aug 2017
358,30 Aug 2017
359,30 Aug 2017
360,30 Aug 2017
361,30 Aug 2017
362,29 Aug 2017
363,29 Aug 2017
364,29 Aug 2017
365,29 Aug 2017
366,29 Aug 2017
367,29 Aug 2017
368,29 Aug 2017
369,29 Aug 2017
370,29 Aug 2017
371,28 Aug 2017
372,28 Aug 2017
373,28 Aug 2017
374,28 Aug 2017
375,25 Aug 2017
376,25 Aug 2017
377,24 Aug 2017
378,23 Aug 2017
379,23 Aug 2017
380,23 Aug 2017
381,22 Aug 2017
382,21 Aug 2017
383,20 Aug 2017
384,19 Aug 2017
385,18 Aug 2017
386,17 Aug 2017
387,14 Aug 2017
388,11 Aug 2017
389,10 Aug 2017
390,10 Aug 2017
391,9 Aug 2017
392,7 Aug 2017
393,2 Aug 2017
394,2 Aug 2017
395,1 Aug 2017
396,31 Jul 2017
397,26 Jul 2017
398,26 Jul 2017
399,25 Jul 2017
400,25 Jul 2017
401,23 Jul 2017
402,21 Jul 2017
403,21 Jul 2017
404,21 Jul 2017
405,20 Jul 2017
406,20 Jul 2017
407,20 Jul 2017
408,20 Jul 2017
409,19 Jul 2017
410,19 Jul 2017
411,19 Jul 2017
412,19 Jul 2017
413,19 Jul 2017
414,19 Jul 2017
415,19 Jul 2017
416,19 Jul 2017
417,19 Jul 2017
418,19 Jul 2017
419,19 Jul 2017
420,17 Jul 2017
421,16 Jul 2017
422,16 Jul 2017
423,15 Jul 2017
424,15 Jul 2017
425,15 Jul 2017
426,14 Jul 2017
427,14 Jul 2017
428,14 Jul 2017
429,13 Jul 2017
430,13 Jul 2017
431,12 Jul 2017
432,10 Jul 2017
433,10 Jul 2017
434,8 Jul 2017
435,7 Jul 2017
436,7 Jul 2017
437,6 Jul 2017
438,5 Jul 2017
439,4 Jul 2017
440,4 Jul 2017
441,4 Jul 2017
442,1 Jul 2017
443,29 Jun 2017
444,27 Jun 2017
445,26 Jun 2017
446,25 Jun 2017
447,24 Jun 2017
448,24 Jun 2017
449,23 Jun 2017
450,23 Jun 2017
451,22 Jun 2017
452,21 Jun 2017
453,19 Jun 2017
454,18 Jun 2017
455,18 Jun 2017
456,18 Jun 2017
457,17 Jun 2017
458,17 Jun 2017
459,11 Jun 2017
460,11 Jun 2017
461,11 Jun 2017
462,11 Jun 2017
463,11 Jun 2017
464,11 Jun 2017
465,8 Jun 2017
466,2 Jun 2017
467,1 Jun 2017
468,31 May 2017
469,29 May 2017
470,29 May 2017
471,28 May 2017
472,28 May 2017
473,24 May 2017
474,23 May 2017
475,23 May 2017
476,23 May 2017
477,23 May 2017
478,23 May 2017
479,23 May 2017
480,23 May 2017
481,23 May 2017
482,23 May 2017
483,22 May 2017
484,21 May 2017
485,21 May 2017
486,20 May 2017
487,20 May 2017
488,19 May 2017
489,19 May 2017
490,19 May 2017
491,19 May 2017
492,18 May 2017
493,18 May 2017
494,17 May 2017
495,17 May 2017
496,17 May 2017
497,17 May 2017
498,17 May 2017
499,17 May 2017
500,16 May 2017
501,16 May 2017
502,16 May 2017
503,16 May 2017
504,16 May 2017
505,16 May 2017
506,16 May 2017
507,16 May 2017
508,16 May 2017
509,16 May 2017
510,16 May 2017
511,16 May 2017
512,16 May 2017
513,16 May 2017
514,16 May 2017
515,16 May 2017
516,16 May 2017
517,16 May 2017
518,16 May 2017
519,16 May 2017
520,16 May 2017
521,16 May 2017
522,16 May 2017
523,16 May 2017
524,16 May 2017
525,16 May 2017
526,16 May 2017
527,16 May 2017
528,16 May 2017
529,16 May 2017
530,16 May 2017
531,16 May 2017
532,16 May 2017
533,16 May 2017
534,16 May 2017
535,16 May 2017
536,16 May 2017
537,16 May 2017
538,16 May 2017
539,16 May 2017
540,16 May 2017
541,16 May 2017
542,16 May 2017
543,16 May 2017
544,16 May 2017
545,16 May 2017
546,16 May 2017
547,16 May 2017
548,16 May 2017
549,16 May 2017
550,16 May 2017
551,15 May 2017
552,14 May 2017
553,13 May 2017
554,13 May 2017
555,9 May 2017
556,9 May 2017
557,9 May 2017
558,9 May 2017
559,8 May 2017
560,6 May 2017
561,4 May 2017
562,4 May 2017
563,4 May 2017
564,4 May 2017
565,4 May 2017
566,4 May 2017
567,4 May 2017
568,3 May 2017
569,3 May 2017
570,2 May 2017
571,2 May 2017
572,2 May 2017
573,1 May 2017
574,30 Apr 2017
575,30 Apr 2017
576,29 Apr 2017
577,28 Apr 2017
578,28 Apr 2017
579,27 Apr 2017
580,26 Apr 2017
581,26 Apr 2017
582,26 Apr 2017
583,26 Apr 2017
584,26 Apr 2017
585,26 Apr 2017
586,24 Apr 2017
587,23 Apr 2017
588,23 Apr 2017
589,22 Apr 2017
590,22 Apr 2017
591,21 Apr 2017
592,21 Apr 2017
593,21 Apr 2017
594,21 Apr 2017
595,20 Apr 2017
596,20 Apr 2017
597,20 Apr 2017
598,20 Apr 2017
599,18 Apr 2017
600,18 Apr 2017
601,17 Apr 2017
602,16 Apr 2017
603,15 Apr 2017
604,15 Apr 2017
605,14 Apr 2017
606,13 Apr 2017
607,13 Apr 2017
608,13 Apr 2017
609,13 Apr 2017
610,13 Apr 2017
611,13 Apr 2017
612,13 Apr 2017
613,12 Apr 2017
614,11 Apr 2017
615,11 Apr 2017
616,11 Apr 2017
617,11 Apr 2017
618,10 Apr 2017
619,9 Apr 2017
620,9 Apr 2017
621,9 Apr 2017
622,9 Apr 2017
623,7 Apr 2017
624,7 Apr 2017
625,7 Apr 2017
626,7 Apr 2017
627,6 Apr 2017
628,6 Apr 2017
629,6 Apr 2017
630,6 Apr 2017
631,5 Apr 2017
632,5 Apr 2017
633,5 Apr 2017
634,5 Apr 2017
635,5 Apr 2017
636,4 Apr 2017
637,4 Apr 2017
638,3 Apr 2017
639,3 Apr 2017
640,3 Apr 2017
641,3 Apr 2017
642,3 Apr 2017
643,3 Apr 2017
644,2 Apr 2017
645,2 Apr 2017
646,1 Apr 2017
647,31 Mar 2017
648,31 Mar 2017
649,31 Mar 2017
650,30 Mar 2017
651,30 Mar 2017
652,29 Mar 2017
653,28 Mar 2017
654,26 Mar 2017
655,25 Mar 2017
656,24 Mar 2017
657,23 Mar 2017
658,23 Mar 2017
659,23 Mar 2017
660,23 Mar 2017
661,23 Mar 2017
662,23 Mar 2017
663,22 Mar 2017
664,21 Mar 2017
665,21 Mar 2017
666,21 Mar 2017
667,21 Mar 2017
668,21 Mar 2017
669,21 Mar 2017
670,21 Mar 2017
671,20 Mar 2017
672,20 Mar 2017
673,19 Mar 2017
674,19 Mar 2017
675,19 Mar 2017
676,19 Mar 2017
677,19 Mar 2017
678,18 Mar 2017
679,17 Mar 2017
680,17 Mar 2017
681,17 Mar 2017
682,17 Mar 2017
683,16 Mar 2017
684,16 Mar 2017
685,15 Mar 2017
686,15 Mar 2017
687,15 Mar 2017
688,15 Mar 2017
689,15 Mar 2017
690,15 Mar 2017
691,15 Mar 2017
692,14 Mar 2017
693,14 Mar 2017
694,13 Mar 2017
695,13 Mar 2017
696,12 Mar 2017
697,12 Mar 2017
698,12 Mar 2017
699,12 Mar 2017
700,11 Mar 2017
701,10 Mar 2017
702,10 Mar 2017
703,10 Mar 2017
704,9 Mar 2017
705,8 Mar 2017
706,8 Mar 2017
707,7 Mar 2017
708,6 Mar 2017
709,5 Mar 2017
710,4 Mar 2017
711,4 Mar 2017
712,3 Mar 2017
713,3 Mar 2017
714,3 Mar 2017
715,3 Mar 2017
716,3 Mar 2017
717,3 Mar 2017
718,3 Mar 2017
719,3 Mar 2017
720,3 Mar 2017
721,3 Mar 2017
722,3 Mar 2017
723,3 Mar 2017
724,3 Mar 2017
725,3 Mar 2017
726,3 Mar 2017
727,3 Mar 2017
728,3 Mar 2017
729,3 Mar 2017
730,3 Mar 2017
731,2 Mar 2017
732,1 Mar 2017
733,28 Feb 2017
734,27 Feb 2017
735,26 Feb 2017
736,25 Feb 2017
737,24 Feb 2017
738,24 Feb 2017
739,24 Feb 2017
740,24 Feb 2017
741,24 Feb 2017
742,23 Feb 2017
743,23 Feb 2017
744,22 Feb 2017
745,22 Feb 2017
746,22 Feb 2017
747,21 Feb 2017
748,20 Feb 2017
749,19 Feb 2017
750,19 Feb 2017
751,17 Feb 2017
752,17 Feb 2017
753,17 Feb 2017
754,17 Feb 2017
755,16 Feb 2017
756,16 Feb 2017
757,16 Feb 2017
758,15 Feb 2017
759,15 Feb 2017
760,15 Feb 2017
761,15 Feb 2017
762,14 Feb 2017
763,13 Feb 2017
764,12 Feb 2017
765,12 Feb 2017
766,12 Feb 2017
767,11 Feb 2017
768,11 Feb 2017
769,10 Feb 2017
770,9 Feb 2017
771,9 Feb 2017
772,8 Feb 2017
773,8 Feb 2017
774,7 Feb 2017
775,7 Feb 2017
776,7 Feb 2017
777,7 Feb 2017
778,6 Feb 2017
779,6 Feb 2017
780,6 Feb 2017
781,5 Feb 2017
782,4 Feb 2017
783,4 Feb 2017
784,4 Feb 2017
785,4 Feb 2017
786,4 Feb 2017
787,4 Feb 2017
788,2 Feb 2017
789,1 Feb 2017
790,1 Feb 2017
791,1 Feb 2017
792,1 Feb 2017
793,1 Feb 2017
794,30 Jan 2017
795,30 Jan 2017
796,30 Jan 2017
797,28 Jan 2017
798,28 Jan 2017
799,28 Jan 2017
800,27 Jan 2017
801,27 Jan 2017
802,27 Jan 2017
803,27 Jan 2017
804,27 Jan 2017
805,25 Jan 2017
806,24 Jan 2017
807,24 Jan 2017
808,24 Jan 2017
809,24 Jan 2017
810,23 Jan 2017
811,22 Jan 2017
812,22 Jan 2017
813,22 Jan 2017
814,22 Jan 2017
815,21 Jan 2017
816,21 Jan 2017
817,21 Jan 2017
818,21 Jan 2017
819,21 Jan 2017
820,21 Jan 2017
821,20 Jan 2017
822,18 Jan 2017
823,17 Jan 2017
824,16 Jan 2017
825,16 Jan 2017
826,16 Jan 2017
827,16 Jan 2017
828,14 Jan 2017
829,14 Jan 2017
830,14 Jan 2017
831,14 Jan 2017
832,13 Jan 2017
833,10 Jan 2017
834,9 Jan 2017
835,9 Jan 2017
836,9 Jan 2017
837,9 Jan 2017
838,7 Jan 2017
839,7 Jan 2017
840,7 Jan 2017
841,7 Jan 2017
842,4 Jan 2017
843,3 Jan 2017
844,3 Jan 2017
845,3 Jan 2017
846,1 Jan 2017
847,1 Jan 2017
848,1 Jan 2017
849,1 Jan 2017
850,31 Dec 2016
851,31 Dec 2016
852,31 Dec 2016
853,31 Dec 2016
854,30 Dec 2016
855,29 Dec 2016
856,29 Dec 2016
857,29 Dec 2016
858,28 Dec 2016
859,27 Dec 2016
860,25 Dec 2016
861,25 Dec 2016
862,25 Dec 2016
863,24 Dec 2016
864,24 Dec 2016
865,23 Dec 2016
866,22 Dec 2016
867,20 Dec 2016
868,20 Dec 2016
869,20 Dec 2016
870,20 Dec 2016
871,20 Dec 2016
872,19 Dec 2016
873,19 Dec 2016
874,19 Dec 2016
875,19 Dec 2016
876,19 Dec 2016
877,18 Dec 2016
878,18 Dec 2016
879,17 Dec 2016
880,17 Dec 2016
881,17 Dec 2016
882,17 Dec 2016
883,16 Dec 2016
884,15 Dec 2016
885,15 Dec 2016
886,15 Dec 2016
887,15 Dec 2016
888,14 Dec 2016
889,14 Dec 2016
890,14 Dec 2016
891,14 Dec 2016
892,14 Dec 2016
893,13 Dec 2016
894,13 Dec 2016
895,13 Dec 2016
896,12 Dec 2016
897,12 Dec 2016
898,11 Dec 2016
899,11 Dec 2016
900,11 Dec 2016
901,11 Dec 2016
902,10 Dec 2016
903,10 Dec 2016
904,10 Dec 2016
905,10 Dec 2016
906,10 Dec 2016
907,10 Dec 2016
908,10 Dec 2016
909,9 Dec 2016
910,9 Dec 2016
911,9 Dec 2016
912,9 Dec 2016
913,9 Dec 2016
914,8 Dec 2016
915,8 Dec 2016
916,8 Dec 2016
917,8 Dec 2016
918,7 Dec 2016
919,7 Dec 2016
920,7 Dec 2016
921,6 Dec 2016
922,6 Dec 2016
923,6 Dec 2016
924,6 Dec 2016
925,6 Dec 2016
926,6 Dec 2016
927,6 Dec 2016
928,6 Dec 2016
929,6 Dec 2016
930,6 Dec 2016
931,6 Dec 2016
932,6 Dec 2016
933,6 Dec 2016
934,6 Dec 2016
935,6 Dec 2016
936,6 Dec 2016
937,6 Dec 2016
938,6 Dec 2016
939,6 Dec 2016
940,6 Dec 2016
941,6 Dec 2016
942,6 Dec 2016
943,6 Dec 2016
944,6 Dec 2016
945,6 Dec 2016
946,6 Dec 2016
947,6 Dec 2016
948,6 Dec 2016
949,6 Dec 2016
950,6 Dec 2016
951,6 Dec 2016
952,6 Dec 2016
953,6 Dec 2016
954,6 Dec 2016
955,6 Dec 2016
956,6 Dec 2016
957,6 Dec 2016
958,6 Dec 2016
959,6 Dec 2016
960,6 Dec 2016
961,6 Dec 2016
962,5 Dec 2016
963,4 Dec 2016
964,4 Dec 2016
965,3 Dec 2016
966,3 Dec 2016
967,3 Dec 2016
968,2 Dec 2016
969,2 Dec 2016
970,2 Dec 2016
971,2 Dec 2016
972,2 Dec 2016
973,2 Dec 2016
974,2 Dec 2016
975,2 Dec 2016
976,2 Dec 2016
977,2 Dec 2016
978,2 Dec 2016
979,2 Dec 2016
980,2 Dec 2016
981,1 Dec 2016
982,1 Dec 2016
983,1 Dec 2016
984,1 Dec 2016
985,1 Dec 2016
986,1 Dec 2016
987,1 Dec 2016
988,1 Dec 2016
989,1 Dec 2016
990,1 Dec 2016
991,1 Dec 2016
992,1 Dec 2016
993,1 Dec 2016
994,1 Dec 2016
995,1 Dec 2016
996,1 Dec 2016
997,1 Dec 2016
998,1 Dec 2016
999,1 Dec 2016
1000,1 Dec 2016
1001,1 Dec 2016
1002,1 Dec 2016
1003,1 Dec 2016
1004,1 Dec 2016
1005,1 Dec 2016
1006,1 Dec 2016
1007,30 Nov 2016
1008,30 Nov 2016
1009,30 Nov 2016
1010,30 Nov 2016
1011,29 Nov 2016
1012,29 Nov 2016
1013,29 Nov 2016
1014,29 Nov 2016
1015,29 Nov 2016
1016,29 Nov 2016
1017,29 Nov 2016
1018,29 Nov 2016
1019,29 Nov 2016
1020,29 Nov 2016
1021,29 Nov 2016
1022,29 Nov 2016
1023,29 Nov 2016
1024,28 Nov 2016
1025,28 Nov 2016
1026,28 Nov 2016
1027,27 Nov 2016
1028,26 Nov 2016
1029,26 Nov 2016
1030,26 Nov 2016
1031,25 Nov 2016
1032,25 Nov 2016
1033,24 Nov 2016
1034,24 Nov 2016
1035,24 Nov 2016
1036,24 Nov 2016
1037,24 Nov 2016
1038,24 Nov 2016
1039,24 Nov 2016
1040,24 Nov 2016
1041,24 Nov 2016
1042,24 Nov 2016
1043,23 Nov 2016
1044,23 Nov 2016
1045,23 Nov 2016
1046,23 Nov 2016
1047,22 Nov 2016
1048,22 Nov 2016
1049,22 Nov 2016
1050,22 Nov 2016
1051,21 Nov 2016
1052,20 Nov 2016
1053,20 Nov 2016
1054,20 Nov 2016
1055,19 Nov 2016
1056,19 Nov 2016
1057,18 Nov 2016
1058,18 Nov 2016
1059,18 Nov 2016
1060,18 Nov 2016
1061,18 Nov 2016
1062,18 Nov 2016
1063,17 Nov 2016
1064,17 Nov 2016
1065,16 Nov 2016
1066,16 Nov 2016
1067,16 Nov 2016
1068,16 Nov 2016
1069,16 Nov 2016
1070,16 Nov 2016
1071,15 Nov 2016
1072,14 Nov 2016
1073,12 Nov 2016
1074,12 Nov 2016
1075,12 Nov 2016
1076,12 Nov 2016
1077,12 Nov 2016
1078,11 Nov 2016
1079,10 Nov 2016
1080,10 Nov 2016
1081,9 Nov 2016
1082,9 Nov 2016
1083,8 Nov 2016
1084,8 Nov 2016
1085,8 Nov 2016
1086,8 Nov 2016
1087,8 Nov 2016
1088,7 Nov 2016
1089,7 Nov 2016
1090,7 Nov 2016
1091,7 Nov 2016
1092,5 Nov 2016
1093,5 Nov 2016
1094,5 Nov 2016
1095,5 Nov 2016
1096,5 Nov 2016
1097,5 Nov 2016
1098,5 Nov 2016
1099,5 Nov 2016
1100,5 Nov 2016
1101,5 Nov 2016
1102,4 Nov 2016
1103,4 Nov 2016
1104,4 Nov 2016
1105,3 Nov 2016
1106,3 Nov 2016
1107,3 Nov 2016
1108,3 Nov 2016
1109,3 Nov 2016
1110,3 Nov 2016
1111,3 Nov 2016
1112,3 Nov 2016
1113,3 Nov 2016
1114,3 Nov 2016
1115,2 Nov 2016
1116,2 Nov 2016
1117,2 Nov 2016
1118,2 Nov 2016
1119,2 Nov 2016
1120,1 Nov 2016
1121,1 Nov 2016
1122,1 Nov 2016
1123,1 Nov 2016
1124,31 Oct 2016
1125,31 Oct 2016
1126,31 Oct 2016
1127,31 Oct 2016
1128,31 Oct 2016
1129,30 Oct 2016
1130,30 Oct 2016
1131,30 Oct 2016
1132,30 Oct 2016
1133,30 Oct 2016
1134,30 Oct 2016
1135,29 Oct 2016
1136,29 Oct 2016
1137,29 Oct 2016
1138,29 Oct 2016
1139,28 Oct 2016
1140,28 Oct 2016
1141,28 Oct 2016
1142,28 Oct 2016
1143,28 Oct 2016
1144,27 Oct 2016
1145,25 Oct 2016
1146,23 Oct 2016
1147,23 Oct 2016
1148,23 Oct 2016
1149,22 Oct 2016
1150,22 Oct 2016
1151,22 Oct 2016
1152,22 Oct 2016
1153,22 Oct 2016
1154,22 Oct 2016
1155,21 Oct 2016
1156,21 Oct 2016
1157,21 Oct 2016
1158,20 Oct 2016
1159,20 Oct 2016
1160,20 Oct 2016
1161,20 Oct 2016
1162,19 Oct 2016
1163,19 Oct 2016
1164,18 Oct 2016
1165,18 Oct 2016
1166,17 Oct 2016
1167,17 Oct 2016
1168,17 Oct 2016
1169,17 Oct 2016
1170,16 Oct 2016
1171,16 Oct 2016
1172,16 Oct 2016
1173,16 Oct 2016
1174,16 Oct 2016
1175,15 Oct 2016
1176,15 Oct 2016
1177,15 Oct 2016
1178,15 Oct 2016
1179,15 Oct 2016
1180,15 Oct 2016
1181,15 Oct 2016
1182,15 Oct 2016
1183,15 Oct 2016
1184,14 Oct 2016
1185,14 Oct 2016
1186,14 Oct 2016
1187,14 Oct 2016
1188,14 Oct 2016
1189,13 Oct 2016
1190,13 Oct 2016
1191,13 Oct 2016
1192,12 Oct 2016
1193,11 Oct 2016
1194,11 Oct 2016
1195,11 Oct 2016
1196,11 Oct 2016
1197,11 Oct 2016
1198,11 Oct 2016
1199,10 Oct 2016
1200,10 Oct 2016
1201,10 Oct 2016
1202,10 Oct 2016
1203,10 Oct 2016
1204,10 Oct 2016
1205,10 Oct 2016
1206,10 Oct 2016
1207,9 Oct 2016
1208,9 Oct 2016
1209,9 Oct 2016
1210,9 Oct 2016
1211,9 Oct 2016
1212,8 Oct 2016
1213,8 Oct 2016
1214,8 Oct 2016
1215,8 Oct 2016
1216,8 Oct 2016
1217,8 Oct 2016
1218,8 Oct 2016
1219,8 Oct 2016
1220,7 Oct 2016
1221,7 Oct 2016
1222,7 Oct 2016
1223,7 Oct 2016
1224,7 Oct 2016
1225,7 Oct 2016
1226,7 Oct 2016
1227,7 Oct 2016
1228,7 Oct 2016
1229,7 Oct 2016
1230,7 Oct 2016
1231,7 Oct 2016
1232,7 Oct 2016
1233,7 Oct 2016
1234,7 Oct 2016
1235,7 Oct 2016
1236,6 Oct 2016
1237,6 Oct 2016
1238,6 Oct 2016
1239,6 Oct 2016
1240,6 Oct 2016
1241,5 Oct 2016
1242,5 Oct 2016
1243,5 Oct 2016
1244,5 Oct 2016
1245,5 Oct 2016
1246,5 Oct 2016
1247,5 Oct 2016
1248,5 Oct 2016
1249,5 Oct 2016
1250,4 Oct 2016
1251,4 Oct 2016
1252,4 Oct 2016
1253,4 Oct 2016
1254,4 Oct 2016
1255,3 Oct 2016
1256,3 Oct 2016
1257,3 Oct 2016
1258,2 Oct 2016
1259,2 Oct 2016
1260,2 Oct 2016
1261,2 Oct 2016
1262,2 Oct 2016
1263,2 Oct 2016
1264,1 Oct 2016
1265,1 Oct 2016
1266,1 Oct 2016
1267,1 Oct 2016
1268,1 Oct 2016
1269,1 Oct 2016
1270,1 Oct 2016
1271,1 Oct 2016
1272,30 Sep 2016
1273,30 Sep 2016
1274,30 Sep 2016
1275,30 Sep 2016
1276,29 Sep 2016
1277,29 Sep 2016
1278,29 Sep 2016
1279,29 Sep 2016
1280,29 Sep 2016
1281,29 Sep 2016
1282,29 Sep 2016
1283,29 Sep 2016
1284,28 Sep 2016
1285,28 Sep 2016
1286,28 Sep 2016
1287,28 Sep 2016
1288,27 Sep 2016
1289,27 Sep 2016
1290,27 Sep 2016
1291,27 Sep 2016
1292,27 Sep 2016
1293,27 Sep 2016
1294,27 Sep 2016
1295,27 Sep 2016
1296,27 Sep 2016
1297,27 Sep 2016
1298,27 Sep 2016
1299,27 Sep 2016
1300,27 Sep 2016
1301,27 Sep 2016
1302,27 Sep 2016
1303,26 Sep 2016
1304,26 Sep 2016
1305,26 Sep 2016
1306,26 Sep 2016
1307,26 Sep 2016
1308,24 Sep 2016
1309,24 Sep 2016
1310,24 Sep 2016
1311,24 Sep 2016
1312,23 Sep 2016
1313,23 Sep 2016
1314,23 Sep 2016
1315,23 Sep 2016
1316,23 Sep 2016
1317,22 Sep 2016
1318,22 Sep 2016
1319,21 Sep 2016
1320,21 Sep 2016
1321,21 Sep 2016
1322,21 Sep 2016
1323,20 Sep 2016
1324,20 Sep 2016
1325,20 Sep 2016
1326,20 Sep 2016
1327,20 Sep 2016
1328,19 Sep 2016
1329,19 Sep 2016
1330,19 Sep 2016
1331,18 Sep 2016
1332,18 Sep 2016
1333,18 Sep 2016
1334,18 Sep 2016
1335,18 Sep 2016
1336,18 Sep 2016
1337,18 Sep 2016
1338,18 Sep 2016
1339,18 Sep 2016
1340,18 Sep 2016
1341,18 Sep 2016
1342,17 Sep 2016
1343,17 Sep 2016
1344,17 Sep 2016
1345,17 Sep 2016
1346,17 Sep 2016
1347,17 Sep 2016
1348,17 Sep 2016
1349,17 Sep 2016
1350,17 Sep 2016
1351,17 Sep 2016
1352,16 Sep 2016
1353,16 Sep 2016
1354,16 Sep 2016
1355,15 Sep 2016
1356,15 Sep 2016
1357,15 Sep 2016
1358,15 Sep 2016
1359,15 Sep 2016
1360,14 Sep 2016
1361,14 Sep 2016
1362,14 Sep 2016
1363,14 Sep 2016
1364,13 Sep 2016
1365,13 Sep 2016
1366,13 Sep 2016
1367,13 Sep 2016
1368,13 Sep 2016
1369,12 Sep 2016
1370,12 Sep 2016
1371,12 Sep 2016
1372,12 Sep 2016
1373,12 Sep 2016
1374,12 Sep 2016
1375,12 Sep 2016
1376,11 Sep 2016
1377,11 Sep 2016
1378,11 Sep 2016
1379,11 Sep 2016
1380,11 Sep 2016
1381,11 Sep 2016
1382,10 Sep 2016
1383,10 Sep 2016
1384,10 Sep 2016
1385,10 Sep 2016
1386,10 Sep 2016
1387,10 Sep 2016
1388,9 Sep 2016
1389,9 Sep 2016
1390,9 Sep 2016
1391,8 Sep 2016
1392,8 Sep 2016
1393,8 Sep 2016
1394,8 Sep 2016
1395,7 Sep 2016
1396,7 Sep 2016
1397,7 Sep 2016
1398,7 Sep 2016
1399,7 Sep 2016
1400,7 Sep 2016
1401,7 Sep 2016
1402,6 Sep 2016
1403,5 Sep 2016
1404,5 Sep 2016
1405,5 Sep 2016
1406,4 Sep 2016
1407,4 Sep 2016
1408,4 Sep 2016
1409,4 Sep 2016
1410,4 Sep 2016
1411,4 Sep 2016
1412,4 Sep 2016
1413,4 Sep 2016
1414,3 Sep 2016
1415,3 Sep 2016
1416,3 Sep 2016
1417,3 Sep 2016
1418,3 Sep 2016
1419,3 Sep 2016
1420,3 Sep 2016
1421,3 Sep 2016
1422,3 Sep 2016
1423,2 Sep 2016
1424,2 Sep 2016
1425,2 Sep 2016
1426,2 Sep 2016
1427,2 Sep 2016
1428,2 Sep 2016
1429,2 Sep 2016
1430,2 Sep 2016
1431,2 Sep 2016
1432,2 Sep 2016
1433,2 Sep 2016
1434,2 Sep 2016
1435,2 Sep 2016
1436,2 Sep 2016
1437,2 Sep 2016
1438,2 Sep 2016
1439,2 Sep 2016
1440,2 Sep 2016
1441,2 Sep 2016
1442,2 Sep 2016
1443,2 Sep 2016
1444,2 Sep 2016
1445,2 Sep 2016
1446,2 Sep 2016
1447,2 Sep 2016
1448,1 Sep 2016
1449,1 Sep 2016
1450,1 Sep 2016
1451,1 Sep 2016
1452,1 Sep 2016
1453,1 Sep 2016
1454,1 Sep 2016
1455,1 Sep 2016
1456,1 Sep 2016
1457,1 Sep 2016
1458,1 Sep 2016
1459,1 Sep 2016
1460,1 Sep 2016
1461,1 Sep 2016
1462,1 Sep 2016
1463,1 Sep 2016
1464,1 Sep 2016
1465,1 Sep 2016
1466,1 Sep 2016
1467,1 Sep 2016
1468,1 Sep 2016
1469,1 Sep 2016
1470,1 Sep 2016
1471,1 Sep 2016
1472,1 Sep 2016
1473,1 Sep 2016
1474,1 Sep 2016
1475,1 Sep 2016
1476,1 Sep 2016
1477,1 Sep 2016
1478,1 Sep 2016
1479,1 Sep 2016
1480,1 Sep 2016
1481,1 Sep 2016
1482,1 Sep 2016
1483,1 Sep 2016
1484,1 Sep 2016
1485,1 Sep 2016
1486,1 Sep 2016
1487,1 Sep 2016
1488,1 Sep 2016
1489,1 Sep 2016
1490,1 Sep 2016
1491,1 Sep 2016
1492,1 Sep 2016
1493,1 Sep 2016
1494,1 Sep 2016
1495,1 Sep 2016
1496,1 Sep 2016
1497,1 Sep 2016
1498,1 Sep 2016
1499,1 Sep 2016
1500,1 Sep 2016
1501,1 Sep 2016
1502,1 Sep 2016
1503,1 Sep 2016
1504,1 Sep 2016
1505,1 Sep 2016
1506,1 Sep 2016
1507,1 Sep 2016
1508,1 Sep 2016
1509,1 Sep 2016
1510,1 Sep 2016
1511,1 Sep 2016
1512,1 Sep 2016
1513,1 Sep 2016
1514,1 Sep 2016
1515,1 Sep 2016
1516,1 Sep 2016
1517,1 Sep 2016
1518,1 Sep 2016
1519,1 Sep 2016
1520,1 Sep 2016
1521,1 Sep 2016
1522,1 Sep 2016
1523,1 Sep 2016
1524,1 Sep 2016
1525,1 Sep 2016
1526,1 Sep 2016
1527,1 Sep 2016
1528,1 Sep 2016
1529,1 Sep 2016
1530,1 Sep 2016
1531,1 Sep 2016
1532,1 Sep 2016
1533,1 Sep 2016
1534,1 Sep 2016
1535,1 Sep 2016
1536,1 Sep 2016
1537,1 Sep 2016
1538,1 Sep 2016
1539,1 Sep 2016
1540,1 Sep 2016
1541,1 Sep 2016
1542,1 Sep 2016
1543,31 Aug 2016
1544,31 Aug 2016
1545,31 Aug 2016
1546,31 Aug 2016
1547,31 Aug 2016
1548,31 Aug 2016
1549,31 Aug 2016
1550,31 Aug 2016
1551,30 Aug 2016
1552,30 Aug 2016
1553,30 Aug 2016
1554,30 Aug 2016
1555,30 Aug 2016
1556,30 Aug 2016
1557,30 Aug 2016
1558,30 Aug 2016
1559,29 Aug 2016
1560,29 Aug 2016
1561,29 Aug 2016
1562,29 Aug 2016
1563,29 Aug 2016
1564,29 Aug 2016
1565,29 Aug 2016
1566,29 Aug 2016
1567,28 Aug 2016
1568,28 Aug 2016
1569,28 Aug 2016
1570,28 Aug 2016
1571,27 Aug 2016
1572,27 Aug 2016
1573,27 Aug 2016
1574,27 Aug 2016
1575,27 Aug 2016
1576,26 Aug 2016
1577,26 Aug 2016
1578,26 Aug 2016
1579,26 Aug 2016
1580,26 Aug 2016
1581,26 Aug 2016
1582,26 Aug 2016
1583,26 Aug 2016
1584,26 Aug 2016
1585,26 Aug 2016
1586,26 Aug 2016
1587,26 Aug 2016
1588,26 Aug 2016
1589,26 Aug 2016
1590,25 Aug 2016
1591,25 Aug 2016
1592,25 Aug 2016
1593,25 Aug 2016
1594,25 Aug 2016
1595,25 Aug 2016
1596,25 Aug 2016
1597,25 Aug 2016
1598,25 Aug 2016
1599,25 Aug 2016
1600,25 Aug 2016
1601,25 Aug 2016
1602,25 Aug 2016
1603,25 Aug 2016
1604,25 Aug 2016
1605,25 Aug 2016
1606,25 Aug 2016
1607,25 Aug 2016
1608,25 Aug 2016
1609,25 Aug 2016
1610,25 Aug 2016
1611,25 Aug 2016
1612,25 Aug 2016
1613,25 Aug 2016
1614,24 Aug 2016
1615,24 Aug 2016
1616,24 Aug 2016
1617,24 Aug 2016
1618,24 Aug 2016
1619,24 Aug 2016
1620,24 Aug 2016
1621,24 Aug 2016
1622,24 Aug 2016
1623,24 Aug 2016
1624,24 Aug 2016
1625,24 Aug 2016
1626,24 Aug 2016
1627,24 Aug 2016
1628,24 Aug 2016
1629,24 Aug 2016
1630,24 Aug 2016
1631,24 Aug 2016
1632,24 Aug 2016
1633,24 Aug 2016
1634,24 Aug 2016
1635,24 Aug 2016
1636,24 Aug 2016
1637,24 Aug 2016
1638,24 Aug 2016
1639,24 Aug 2016
1640,24 Aug 2016
1641,24 Aug 2016
1642,24 Aug 2016
1643,24 Aug 2016
1644,24 Aug 2016
1645,24 Aug 2016
1646,24 Aug 2016
1647,23 Aug 2016
1648,23 Aug 2016
1649,22 Aug 2016
1650,22 Aug 2016
1651,21 Aug 2016
1652,21 Aug 2016
1653,21 Aug 2016
1654,21 Aug 2016
1655,21 Aug 2016
1656,21 Aug 2016
1657,21 Aug 2016
1658,21 Aug 2016
1659,21 Aug 2016
1660,21 Aug 2016
1661,21 Aug 2016
1662,21 Aug 2016
1663,20 Aug 2016
1664,20 Aug 2016
1665,20 Aug 2016
1666,20 Aug 2016
1667,20 Aug 2016
1668,19 Aug 2016
1669,19 Aug 2016
1670,19 Aug 2016
1671,19 Aug 2016
1672,19 Aug 2016
1673,19 Aug 2016
1674,19 Aug 2016
1675,19 Aug 2016
1676,19 Aug 2016
1677,19 Aug 2016
1678,19 Aug 2016
1679,19 Aug 2016
1680,18 Aug 2016
1681,18 Aug 2016
1682,18 Aug 2016
1683,17 Aug 2016
1684,17 Aug 2016
1685,17 Aug 2016
1686,17 Aug 2016
1687,17 Aug 2016
1688,17 Aug 2016
1689,17 Aug 2016
1690,17 Aug 2016
1691,16 Aug 2016
1692,16 Aug 2016
1693,15 Aug 2016
1694,15 Aug 2016
1695,15 Aug 2016
1696,15 Aug 2016
1697,14 Aug 2016
1698,14 Aug 2016
1699,13 Aug 2016
1700,13 Aug 2016
1701,13 Aug 2016
1702,13 Aug 2016
1703,13 Aug 2016
1704,12 Aug 2016
1705,12 Aug 2016
1706,12 Aug 2016
1707,12 Aug 2016
1708,11 Aug 2016
1709,11 Aug 2016
1710,10 Aug 2016
1711,10 Aug 2016
1712,10 Aug 2016
1713,9 Aug 2016
1714,9 Aug 2016
1715,9 Aug 2016
1716,9 Aug 2016
1717,8 Aug 2016
1718,8 Aug 2016
1719,8 Aug 2016
1720,6 Aug 2016
1721,6 Aug 2016
1722,6 Aug 2016
1723,6 Aug 2016
1724,5 Aug 2016
1725,5 Aug 2016
1726,5 Aug 2016
1727,5 Aug 2016
1728,5 Aug 2016
1729,5 Aug 2016
1730,5 Aug 2016
1731,5 Aug 2016
1732,5 Aug 2016
1733,5 Aug 2016
1734,5 Aug 2016
1735,4 Aug 2016
1736,4 Aug 2016
1737,4 Aug 2016
1738,4 Aug 2016
1739,4 Aug 2016
1740,4 Aug 2016
1741,4 Aug 2016
1742,4 Aug 2016
1743,4 Aug 2016
1744,4 Aug 2016
1745,3 Aug 2016
1746,3 Aug 2016
1747,2 Aug 2016
1748,2 Aug 2016
1749,2 Aug 2016
1750,2 Aug 2016
1751,2 Aug 2016
1752,2 Aug 2016
1753,1 Aug 2016
1754,1 Aug 2016
1755,1 Aug 2016
1756,1 Aug 2016
1757,31 Jul 2016
1758,31 Jul 2016
1759,31 Jul 2016
1760,31 Jul 2016
1761,31 Jul 2016
1762,30 Jul 2016
1763,30 Jul 2016
1764,30 Jul 2016
1765,30 Jul 2016
1766,30 Jul 2016
1767,30 Jul 2016
1768,30 Jul 2016
1769,29 Jul 2016
1770,29 Jul 2016
1771,29 Jul 2016
1772,29 Jul 2016
1773,29 Jul 2016
1774,29 Jul 2016
1775,29 Jul 2016
1776,29 Jul 2016
1777,29 Jul 2016
1778,29 Jul 2016
1779,29 Jul 2016
1780,29 Jul 2016
1781,29 Jul 2016
1782,29 Jul 2016
1783,29 Jul 2016
1784,29 Jul 2016
1785,29 Jul 2016
1786,29 Jul 2016
1787,28 Jul 2016
1788,28 Jul 2016
1789,28 Jul 2016
1790,28 Jul 2016
1791,28 Jul 2016
1792,28 Jul 2016
1793,28 Jul 2016
1794,28 Jul 2016
1795,28 Jul 2016
1796,28 Jul 2016
1797,28 Jul 2016
1798,28 Jul 2016
1799,28 Jul 2016
1800,28 Jul 2016
1801,28 Jul 2016
1802,27 Jul 2016
1803,27 Jul 2016
1804,27 Jul 2016
1805,27 Jul 2016
1806,27 Jul 2016
1807,27 Jul 2016
1808,27 Jul 2016
1809,27 Jul 2016
1810,27 Jul 2016
1811,27 Jul 2016
1812,27 Jul 2016
1813,27 Jul 2016
1814,27 Jul 2016
1815,27 Jul 2016
1816,27 Jul 2016
1817,27 Jul 2016
1818,27 Jul 2016
1819,27 Jul 2016
1820,27 Jul 2016
1821,27 Jul 2016
1822,27 Jul 2016
1823,27 Jul 2016
1824,26 Jul 2016
1825,26 Jul 2016
1826,26 Jul 2016
1827,25 Jul 2016
1828,25 Jul 2016
1829,25 Jul 2016
1830,25 Jul 2016
1831,25 Jul 2016
1832,25 Jul 2016
1833,25 Jul 2016
1834,25 Jul 2016
1835,25 Jul 2016
1836,24 Jul 2016
1837,23 Jul 2016
1838,23 Jul 2016
1839,23 Jul 2016
1840,22 Jul 2016
1841,22 Jul 2016
1842,22 Jul 2016
1843,21 Jul 2016
1844,21 Jul 2016
1845,21 Jul 2016
1846,21 Jul 2016
1847,20 Jul 2016
1848,20 Jul 2016
1849,20 Jul 2016
1850,20 Jul 2016
1851,19 Jul 2016
1852,19 Jul 2016
1853,19 Jul 2016
1854,19 Jul 2016
1855,19 Jul 2016
1856,19 Jul 2016
1857,19 Jul 2016
1858,19 Jul 2016
1859,18 Jul 2016
1860,18 Jul 2016
1861,18 Jul 2016
1862,18 Jul 2016
1863,18 Jul 2016
1864,18 Jul 2016
1865,18 Jul 2016
1866,18 Jul 2016
1867,18 Jul 2016
1868,18 Jul 2016
1869,18 Jul 2016
1870,18 Jul 2016
1871,18 Jul 2016
1872,18 Jul 2016
1873,18 Jul 2016
1874,17 Jul 2016
1875,17 Jul 2016
1876,17 Jul 2016
1877,16 Jul 2016
1878,16 Jul 2016
1879,16 Jul 2016
1880,16 Jul 2016
1881,16 Jul 2016
1882,16 Jul 2016
1883,16 Jul 2016
1884,14 Jul 2016
1885,14 Jul 2016
1886,13 Jul 2016
1887,13 Jul 2016
1888,13 Jul 2016
1889,13 Jul 2016
1890,13 Jul 2016
1891,13 Jul 2016
1892,12 Jul 2016
1893,12 Jul 2016
1894,12 Jul 2016
1895,11 Jul 2016
1896,11 Jul 2016
1897,10 Jul 2016
1898,10 Jul 2016
1899,9 Jul 2016
1900,9 Jul 2016
1901,9 Jul 2016
1902,9 Jul 2016
1903,9 Jul 2016
1904,9 Jul 2016
1905,9 Jul 2016
1906,9 Jul 2016
1907,9 Jul 2016
1908,9 Jul 2016
1909,8 Jul 2016
1910,8 Jul 2016
1911,8 Jul 2016
1912,8 Jul 2016
1913,8 Jul 2016
1914,7 Jul 2016
1915,6 Jul 2016
1916,6 Jul 2016
1917,6 Jul 2016
1918,6 Jul 2016
1919,6 Jul 2016
1920,5 Jul 2016
1921,5 Jul 2016
1922,5 Jul 2016
1923,5 Jul 2016
1924,4 Jul 2016
1925,4 Jul 2016
1926,4 Jul 2016
1927,4 Jul 2016
1928,3 Jul 2016
1929,3 Jul 2016
1930,2 Jul 2016
1931,2 Jul 2016
1932,2 Jul 2016
1933,2 Jul 2016
1934,2 Jul 2016
1935,1 Jul 2016
1936,1 Jul 2016
1937,1 Jul 2016
1938,1 Jul 2016
1939,30 Jun 2016
1940,30 Jun 2016
1941,30 Jun 2016
1942,30 Jun 2016
1943,30 Jun 2016
1944,29 Jun 2016
1945,29 Jun 2016
1946,29 Jun 2016
1947,29 Jun 2016
1948,29 Jun 2016
1949,29 Jun 2016
1950,28 Jun 2016
1951,28 Jun 2016
1952,28 Jun 2016
1953,28 Jun 2016
1954,27 Jun 2016
1955,27 Jun 2016
1956,27 Jun 2016
1957,27 Jun 2016
1958,27 Jun 2016
1959,27 Jun 2016
1960,27 Jun 2016
1961,27 Jun 2016
1962,27 Jun 2016
1963,27 Jun 2016
1964,26 Jun 2016
1965,26 Jun 2016
1966,26 Jun 2016
1967,25 Jun 2016
1968,25 Jun 2016
1969,24 Jun 2016
1970,24 Jun 2016
1971,23 Jun 2016
1972,23 Jun 2016
1973,23 Jun 2016
1974,23 Jun 2016
1975,23 Jun 2016
1976,23 Jun 2016
1977,23 Jun 2016
1978,23 Jun 2016
1979,23 Jun 2016
1980,23 Jun 2016
1981,23 Jun 2016
1982,23 Jun 2016
1983,23 Jun 2016
1984,22 Jun 2016
1985,22 Jun 2016
1986,22 Jun 2016
1987,22 Jun 2016
1988,22 Jun 2016
1989,22 Jun 2016
1990,22 Jun 2016
1991,22 Jun 2016
1992,22 Jun 2016
1993,22 Jun 2016
1994,22 Jun 2016
1995,22 Jun 2016
1996,22 Jun 2016
1997,22 Jun 2016
1998,21 Jun 2016
1999,21 Jun 2016
2000,21 Jun 2016
2001,21 Jun 2016
2002,21 Jun 2016
2003,21 Jun 2016
2004,21 Jun 2016
2005,21 Jun 2016
2006,21 Jun 2016
2007,21 Jun 2016
2008,20 Jun 2016
2009,20 Jun 2016
2010,20 Jun 2016
2011,20 Jun 2016
2012,20 Jun 2016
2013,20 Jun 2016
2014,19 Jun 2016
2015,19 Jun 2016
2016,18 Jun 2016
2017,18 Jun 2016
2018,18 Jun 2016
2019,18 Jun 2016
2020,18 Jun 2016
2021,18 Jun 2016
2022,18 Jun 2016
2023,17 Jun 2016
2024,17 Jun 2016
2025,17 Jun 2016
2026,17 Jun 2016
2027,17 Jun 2016
2028,17 Jun 2016
2029,17 Jun 2016
2030,17 Jun 2016
2031,17 Jun 2016
2032,17 Jun 2016
2033,17 Jun 2016
2034,17 Jun 2016
2035,16 Jun 2016
2036,16 Jun 2016
2037,16 Jun 2016
2038,16 Jun 2016
2039,16 Jun 2016
2040,16 Jun 2016
2041,16 Jun 2016
2042,16 Jun 2016
2043,15 Jun 2016
2044,15 Jun 2016
2045,15 Jun 2016
2046,15 Jun 2016
2047,15 Jun 2016
2048,15 Jun 2016
2049,15 Jun 2016
2050,15 Jun 2016
2051,15 Jun 2016
2052,14 Jun 2016
2053,14 Jun 2016
2054,14 Jun 2016
2055,14 Jun 2016
2056,14 Jun 2016
2057,14 Jun 2016
2058,14 Jun 2016
2059,14 Jun 2016
2060,14 Jun 2016
2061,14 Jun 2016
2062,14 Jun 2016
2063,14 Jun 2016
2064,14 Jun 2016
2065,14 Jun 2016
2066,14 Jun 2016
2067,13 Jun 2016
2068,13 Jun 2016
2069,13 Jun 2016
2070,13 Jun 2016
2071,13 Jun 2016
2072,12 Jun 2016
2073,12 Jun 2016
2074,12 Jun 2016
2075,12 Jun 2016
2076,12 Jun 2016
2077,12 Jun 2016
2078,12 Jun 2016
2079,12 Jun 2016
2080,12 Jun 2016
2081,11 Jun 2016
2082,11 Jun 2016
2083,11 Jun 2016
2084,11 Jun 2016
2085,11 Jun 2016
2086,11 Jun 2016
2087,11 Jun 2016
2088,11 Jun 2016
2089,10 Jun 2016
2090,10 Jun 2016
2091,10 Jun 2016
2092,10 Jun 2016
2093,10 Jun 2016
2094,10 Jun 2016
2095,10 Jun 2016
2096,10 Jun 2016
2097,10 Jun 2016
2098,10 Jun 2016
2099,10 Jun 2016
2100,10 Jun 2016
2101,10 Jun 2016
2102,10 Jun 2016
2103,10 Jun 2016
2104,10 Jun 2016
2105,10 Jun 2016
2106,10 Jun 2016
2107,10 Jun 2016
2108,10 Jun 2016
2109,10 Jun 2016
2110,10 Jun 2016
2111,10 Jun 2016
2112,10 Jun 2016
2113,10 Jun 2016
2114,10 Jun 2016
2115,9 Jun 2016
2116,9 Jun 2016
2117,9 Jun 2016
2118,9 Jun 2016
2119,9 Jun 2016
2120,9 Jun 2016
2121,8 Jun 2016
2122,8 Jun 2016
2123,8 Jun 2016
2124,8 Jun 2016
2125,8 Jun 2016
2126,8 Jun 2016
2127,8 Jun 2016
2128,8 Jun 2016
2129,8 Jun 2016
2130,8 Jun 2016
2131,8 Jun 2016
2132,8 Jun 2016
2133,7 Jun 2016
2134,7 Jun 2016
2135,7 Jun 2016
2136,7 Jun 2016
2137,7 Jun 2016
2138,7 Jun 2016
2139,7 Jun 2016
2140,7 Jun 2016
2141,7 Jun 2016
2142,7 Jun 2016
2143,7 Jun 2016
2144,7 Jun 2016
2145,6 Jun 2016
2146,6 Jun 2016
2147,6 Jun 2016
2148,6 Jun 2016
2149,6 Jun 2016
2150,6 Jun 2016
2151,6 Jun 2016
2152,6 Jun 2016
2153,6 Jun 2016
2154,6 Jun 2016
2155,6 Jun 2016
2156,6 Jun 2016
2157,5 Jun 2016
2158,5 Jun 2016
2159,5 Jun 2016
2160,5 Jun 2016
2161,5 Jun 2016
2162,5 Jun 2016
2163,5 Jun 2016
2164,5 Jun 2016
2165,5 Jun 2016
2166,5 Jun 2016
2167,4 Jun 2016
2168,4 Jun 2016
2169,4 Jun 2016
2170,4 Jun 2016
2171,4 Jun 2016
2172,4 Jun 2016
2173,4 Jun 2016
2174,4 Jun 2016
2175,4 Jun 2016
2176,4 Jun 2016
2177,4 Jun 2016
2178,3 Jun 2016
2179,3 Jun 2016
2180,3 Jun 2016
2181,3 Jun 2016
2182,3 Jun 2016
2183,2 Jun 2016
2184,2 Jun 2016
2185,2 Jun 2016
2186,2 Jun 2016
2187,2 Jun 2016
2188,2 Jun 2016
2189,2 Jun 2016
2190,2 Jun 2016
2191,2 Jun 2016
2192,1 Jun 2016
2193,1 Jun 2016
2194,1 Jun 2016
2195,1 Jun 2016
2196,1 Jun 2016
2197,1 Jun 2016
2198,1 Jun 2016
2199,1 Jun 2016
2200,1 Jun 2016
2201,31 May 2016
2202,31 May 2016
2203,31 May 2016
2204,31 May 2016
2205,31 May 2016
2206,31 May 2016
2207,31 May 2016
2208,31 May 2016
2209,31 May 2016
2210,31 May 2016
2211,30 May 2016
2212,30 May 2016
2213,30 May 2016
2214,30 May 2016
2215,30 May 2016
2216,30 May 2016
2217,30 May 2016
2218,30 May 2016
2219,29 May 2016
2220,29 May 2016
2221,29 May 2016
2222,29 May 2016
2223,29 May 2016
2224,29 May 2016
2225,29 May 2016
2226,29 May 2016
2227,29 May 2016
2228,29 May 2016
2229,29 May 2016
2230,29 May 2016
2231,28 May 2016
2232,28 May 2016
2233,28 May 2016
2234,28 May 2016
2235,28 May 2016
2236,28 May 2016
2237,28 May 2016
2238,28 May 2016
2239,27 May 2016
2240,27 May 2016
2241,27 May 2016
2242,27 May 2016
2243,27 May 2016
2244,27 May 2016
2245,26 May 2016
2246,26 May 2016
2247,26 May 2016
2248,26 May 2016
2249,25 May 2016
2250,25 May 2016
2251,25 May 2016
2252,25 May 2016
2253,25 May 2016
2254,25 May 2016
2255,25 May 2016
2256,25 May 2016
2257,24 May 2016
2258,24 May 2016
2259,24 May 2016
2260,24 May 2016
2261,24 May 2016
2262,24 May 2016
2263,23 May 2016
2264,23 May 2016
2265,23 May 2016
2266,23 May 2016
2267,23 May 2016
2268,23 May 2016
2269,23 May 2016
2270,23 May 2016
2271,23 May 2016
2272,23 May 2016
2273,23 May 2016
2274,23 May 2016
2275,23 May 2016
2276,23 May 2016
2277,23 May 2016
2278,22 May 2016
2279,22 May 2016
2280,22 May 2016
2281,22 May 2016
2282,22 May 2016
2283,22 May 2016
2284,22 May 2016
2285,21 May 2016
2286,21 May 2016
2287,21 May 2016
2288,21 May 2016
2289,21 May 2016
2290,21 May 2016
2291,21 May 2016
2292,21 May 2016
2293,21 May 2016
2294,21 May 2016
2295,21 May 2016
2296,21 May 2016
2297,21 May 2016
2298,21 May 2016
2299,21 May 2016
2300,21 May 2016
2301,21 May 2016
2302,21 May 2016
2303,21 May 2016
2304,21 May 2016
2305,21 May 2016
2306,21 May 2016
2307,21 May 2016
2308,21 May 2016
2309,21 May 2016
2310,21 May 2016
2311,21 May 2016
2312,20 May 2016
2313,20 May 2016
2314,20 May 2016
2315,20 May 2016
2316,20 May 2016
2317,20 May 2016
2318,20 May 2016
2319,20 May 2016
2320,20 May 2016
2321,20 May 2016
2322,20 May 2016
2323,20 May 2016
2324,20 May 2016
2325,20 May 2016
2326,20 May 2016
2327,20 May 2016
2328,20 May 2016
2329,20 May 2016
2330,20 May 2016
2331,20 May 2016
2332,20 May 2016
2333,20 May 2016
2334,20 May 2016
2335,20 May 2016
2336,20 May 2016
2337,20 May 2016
2338,20 May 2016
2339,20 May 2016
2340,20 May 2016
2341,20 May 2016
2342,20 May 2016
2343,20 May 2016
2344,20 May 2016
2345,20 May 2016
2346,20 May 2016
2347,20 May 2016
2348,20 May 2016
2349,20 May 2016
2350,20 May 2016
2351,20 May 2016
2352,20 May 2016
2353,20 May 2016
2354,20 May 2016
2355,20 May 2016
2356,20 May 2016
2357,20 May 2016
2358,20 May 2016
2359,20 May 2016
2360,20 May 2016
2361,20 May 2016
2362,20 May 2016
2363,20 May 2016
2364,20 May 2016
2365,19 May 2016
2366,19 May 2016
2367,19 May 2016
2368,19 May 2016
2369,19 May 2016
2370,19 May 2016
2371,19 May 2016
2372,19 May 2016
2373,19 May 2016
2374,19 May 2016
2375,19 May 2016
2376,19 May 2016
2377,19 May 2016
2378,19 May 2016
2379,18 May 2016
2380,18 May 2016
2381,18 May 2016
2382,18 May 2016
2383,18 May 2016
2384,18 May 2016
2385,18 May 2016
2386,17 May 2016
2387,17 May 2016
2388,17 May 2016
2389,17 May 2016
2390,17 May 2016
2391,17 May 2016
2392,17 May 2016
2393,17 May 2016
2394,17 May 2016
2395,17 May 2016
2396,17 May 2016
2397,17 May 2016
2398,17 May 2016
2399,17 May 2016
2400,17 May 2016
2401,17 May 2016
2402,17 May 2016
2403,17 May 2016
2404,17 May 2016
2405,17 May 2016
2406,17 May 2016
2407,17 May 2016
2408,17 May 2016
2409,17 May 2016
2410,17 May 2016
2411,17 May 2016
2412,17 May 2016
2413,17 May 2016
2414,17 May 2016
2415,17 May 2016
2416,17 May 2016
2417,17 May 2016
2418,17 May 2016
2419,17 May 2016
2420,17 May 2016
2421,17 May 2016
2422,17 May 2016
2423,17 May 2016
2424,16 May 2016
2425,16 May 2016
2426,16 May 2016
2427,16 May 2016
2428,16 May 2016
2429,16 May 2016
2430,16 May 2016
2431,16 May 2016
2432,16 May 2016
2433,16 May 2016
2434,16 May 2016
2435,16 May 2016
2436,16 May 2016
2437,16 May 2016
2438,16 May 2016
2439,16 May 2016
2440,16 May 2016
2441,16 May 2016
2442,16 May 2016
2443,16 May 2016
2444,16 May 2016
2445,16 May 2016
2446,16 May 2016
2447,16 May 2016
2448,16 May 2016
2449,16 May 2016
2450,16 May 2016
2451,16 May 2016
2452,16 May 2016
2453,16 May 2016
2454,16 May 2016
2455,16 May 2016
2456,16 May 2016
2457,16 May 2016
2458,16 May 2016
2459,16 May 2016
2460,16 May 2016
2461,16 May 2016
2462,16 May 2016
2463,16 May 2016
2464,16 May 2016
2465,16 May 2016
2466,16 May 2016
2467,16 May 2016
2468,16 May 2016
2469,16 May 2016
2470,16 May 2016
2471,16 May 2016
2472,16 May 2016
2473,16 May 2016
2474,16 May 2016
2475,15 May 2016
2476,15 May 2016
2477,15 May 2016
2478,15 May 2016
2479,15 May 2016
2480,15 May 2016
2481,15 May 2016
2482,15 May 2016
2483,15 May 2016
2484,15 May 2016
2485,15 May 2016
2486,15 May 2016
2487,15 May 2016
2488,15 May 2016
2489,15 May 2016
2490,15 May 2016
2491,15 May 2016
2492,15 May 2016
2493,15 May 2016
2494,14 May 2016
2495,14 May 2016
2496,14 May 2016
2497,14 May 2016
2498,14 May 2016
2499,14 May 2016
2500,14 May 2016
2501,14 May 2016
2502,14 May 2016
2503,14 May 2016
2504,14 May 2016
2505,14 May 2016
2506,14 May 2016
2507,14 May 2016
2508,14 May 2016
2509,14 May 2016
2510,14 May 2016
2511,14 May 2016
2512,14 May 2016
2513,14 May 2016
2514,14 May 2016
2515,14 May 2016
2516,14 May 2016
2517,14 May 2016
2518,14 May 2016
2519,14 May 2016
2520,14 May 2016
2521,14 May 2016
2522,14 May 2016
2523,14 May 2016
2524,14 May 2016
2525,14 May 2016
2526,14 May 2016
2527,14 May 2016
2528,14 May 2016
2529,14 May 2016
2530,14 May 2016
2531,14 May 2016
2532,14 May 2016
2533,14 May 2016
2534,14 May 2016
2535,14 May 2016
2536,14 May 2016
2537,14 May 2016
2538,14 May 2016
2539,14 May 2016
2540,14 May 2016
2541,14 May 2016
2542,14 May 2016
2543,14 May 2016
2544,14 May 2016
2545,14 May 2016
2546,14 May 2016
2547,14 May 2016
2548,14 May 2016
2549,14 May 2016
2550,14 May 2016
2551,14 May 2016
2552,14 May 2016
2553,14 May 2016
2554,14 May 2016
2555,14 May 2016
2556,14 May 2016
2557,14 May 2016
2558,14 May 2016
2559,14 May 2016
2560,14 May 2016
2561,14 May 2016
2562,14 May 2016
2563,14 May 2016
2564,14 May 2016
2565,14 May 2016
2566,14 May 2016
2567,14 May 2016
2568,14 May 2016
2569,14 May 2016
2570,13 May 2016
2571,13 May 2016
2572,13 May 2016
2573,13 May 2016
2574,13 May 2016
2575,13 May 2016
2576,13 May 2016
2577,13 May 2016
2578,13 May 2016
2579,13 May 2016
2580,13 May 2016
2581,13 May 2016
2582,13 May 2016
2583,13 May 2016
2584,13 May 2016
2585,13 May 2016
2586,13 May 2016
2587,13 May 2016
2588,13 May 2016
2589,13 May 2016
2590,13 May 2016
2591,13 May 2016
2592,13 May 2016
2593,13 May 2016
2594,13 May 2016
2595,13 May 2016
2596,13 May 2016
2597,13 May 2016
2598,13 May 2016
2599,13 May 2016
2600,13 May 2016
2601,13 May 2016
2602,13 May 2016
2603,13 May 2016
2604,13 May 2016
2605,13 May 2016
2606,13 May 2016
2607,13 May 2016
2608,13 May 2016
2609,13 May 2016
2610,13 May 2016
2611,13 May 2016
2612,13 May 2016
2613,13 May 2016
2614,13 May 2016
2615,13 May 2016
2616,13 May 2016
2617,13 May 2016
2618,13 May 2016
2619,13 May 2016
2620,13 May 2016
2621,13 May 2016
2622,13 May 2016
2623,13 May 2016
2624,13 May 2016
2625,13 May 2016
2626,13 May 2016
2627,13 May 2016
2628,13 May 2016
2629,13 May 2016
2630,13 May 2016
2631,13 May 2016
2632,13 May 2016
2633,13 May 2016
2634,13 May 2016
2635,13 May 2016
2636,13 May 2016
2637,13 May 2016
2638,13 May 2016
2639,13 May 2016
2640,13 May 2016
2641,12 May 2016
2642,12 May 2016
2643,12 May 2016
2644,12 May 2016
2645,12 May 2016
2646,12 May 2016
2647,12 May 2016
2648,12 May 2016
2649,12 May 2016
2650,12 May 2016
2651,12 May 2016
2652,12 May 2016
2653,12 May 2016
2654,11 May 2016
2655,11 May 2016
2656,11 May 2016
2657,11 May 2016
2658,11 May 2016
2659,11 May 2016
2660,11 May 2016
2661,11 May 2016
2662,11 May 2016
2663,11 May 2016
2664,11 May 2016
2665,11 May 2016
2666,11 May 2016
2667,11 May 2016
2668,11 May 2016
2669,11 May 2016
2670,11 May 2016
2671,11 May 2016
2672,11 May 2016
2673,11 May 2016
2674,11 May 2016
2675,10 May 2016
2676,10 May 2016
2677,10 May 2016
2678,10 May 2016
2679,10 May 2016
2680,10 May 2016
2681,10 May 2016
2682,10 May 2016
2683,10 May 2016
2684,10 May 2016
2685,10 May 2016
2686,10 May 2016
2687,10 May 2016
2688,10 May 2016
2689,10 May 2016
2690,10 May 2016
2691,10 May 2016
2692,10 May 2016
2693,10 May 2016
2694,10 May 2016
2695,10 May 2016
2696,10 May 2016
2697,10 May 2016
2698,10 May 2016
2699,10 May 2016
2700,10 May 2016
2701,10 May 2016
2702,10 May 2016
2703,10 May 2016
2704,9 May 2016
2705,9 May 2016
2706,9 May 2016
2707,9 May 2016
2708,9 May 2016
2709,9 May 2016
2710,9 May 2016
2711,9 May 2016
2712,9 May 2016
2713,9 May 2016
2714,9 May 2016
2715,9 May 2016
2716,9 May 2016
2717,9 May 2016
2718,9 May 2016
2719,9 May 2016
2720,9 May 2016
2721,9 May 2016
2722,9 May 2016
2723,9 May 2016
2724,9 May 2016
2725,8 May 2016
2726,8 May 2016
2727,7 May 2016
2728,7 May 2016
2729,7 May 2016
2730,7 May 2016
2731,7 May 2016
2732,7 May 2016
2733,7 May 2016
2734,6 May 2016
2735,6 May 2016
2736,6 May 2016
2737,6 May 2016
2738,6 May 2016
2739,6 May 2016
2740,6 May 2016
2741,6 May 2016
2742,6 May 2016
2743,6 May 2016
2744,6 May 2016
2745,6 May 2016
2746,6 May 2016
2747,6 May 2016
2748,6 May 2016
2749,6 May 2016
2750,6 May 2016
2751,6 May 2016
2752,5 May 2016
2753,5 May 2016
2754,5 May 2016
2755,5 May 2016
2756,5 May 2016
2757,5 May 2016
2758,5 May 2016
2759,5 May 2016
2760,5 May 2016
2761,5 May 2016
2762,5 May 2016
2763,5 May 2016
2764,5 May 2016
2765,5 May 2016
2766,5 May 2016
2767,5 May 2016
2768,5 May 2016
2769,5 May 2016
2770,5 May 2016
2771,5 May 2016
2772,5 May 2016
2773,5 May 2016
2774,5 May 2016
2775,5 May 2016
2776,5 May 2016
2777,5 May 2016
2778,5 May 2016
2779,5 May 2016
2780,5 May 2016
2781,5 May 2016
2782,5 May 2016
2783,5 May 2016
2784,5 May 2016
2785,5 May 2016
2786,5 May 2016
2787,5 May 2016
2788,5 May 2016
2789,5 May 2016
2790,5 May 2016
2791,5 May 2016
2792,5 May 2016
2793,5 May 2016
2794,5 May 2016
2795,5 May 2016
2796,5 May 2016
2797,5 May 2016
2798,5 May 2016
2799,5 May 2016
2800,4 May 2016
2801,4 May 2016
2802,4 May 2016
2803,4 May 2016
2804,4 May 2016
2805,4 May 2016
2806,4 May 2016
2807,4 May 2016
2808,4 May 2016
2809,4 May 2016
2810,4 May 2016
2811,4 May 2016
2812,4 May 2016
2813,4 May 2016
2814,4 May 2016
2815,4 May 2016
2816,3 May 2016
2817,3 May 2016
2818,3 May 2016
2819,3 May 2016
2820,3 May 2016
2821,3 May 2016
2822,3 May 2016
2823,3 May 2016
2824,3 May 2016
2825,3 May 2016
2826,3 May 2016
2827,3 May 2016
2828,3 May 2016
2829,3 May 2016
2830,3 May 2016
2831,3 May 2016
2832,3 May 2016
2833,3 May 2016
2834,3 May 2016
2835,2 May 2016
2836,2 May 2016
2837,2 May 2016
2838,2 May 2016
2839,2 May 2016
2840,2 May 2016
2841,2 May 2016
2842,2 May 2016
2843,2 May 2016
2844,2 May 2016
2845,2 May 2016
2846,2 May 2016
2847,2 May 2016
2848,2 May 2016
2849,2 May 2016
2850,1 May 2016
2851,1 May 2016
2852,1 May 2016
2853,1 May 2016
2854,1 May 2016
2855,30 Apr 2016
2856,30 Apr 2016
2857,30 Apr 2016
2858,30 Apr 2016
2859,30 Apr 2016
2860,30 Apr 2016
2861,30 Apr 2016
2862,30 Apr 2016
2863,30 Apr 2016
2864,30 Apr 2016
2865,30 Apr 2016
2866,30 Apr 2016
2867,30 Apr 2016
2868,30 Apr 2016
2869,30 Apr 2016
2870,30 Apr 2016
2871,30 Apr 2016
2872,30 Apr 2016
2873,30 Apr 2016
2874,30 Apr 2016
2875,30 Apr 2016
2876,30 Apr 2016
2877,30 Apr 2016
2878,30 Apr 2016
2879,30 Apr 2016
2880,30 Apr 2016
2881,30 Apr 2016
2882,30 Apr 2016
2883,30 Apr 2016
2884,30 Apr 2016
2885,30 Apr 2016
2886,30 Apr 2016
2887,30 Apr 2016
2888,30 Apr 2016
2889,30 Apr 2016
2890,30 Apr 2016
2891,30 Apr 2016
2892,30 Apr 2016
2893,30 Apr 2016
2894,30 Apr 2016
2895,30 Apr 2016
2896,30 Apr 2016
2897,30 Apr 2016
2898,30 Apr 2016
2899,30 Apr 2016
2900,30 Apr 2016
2901,29 Apr 2016
2902,29 Apr 2016
2903,29 Apr 2016
2904,29 Apr 2016
2905,29 Apr 2016
2906,29 Apr 2016
2907,29 Apr 2016
2908,29 Apr 2016
2909,29 Apr 2016
2910,29 Apr 2016
2911,29 Apr 2016
2912,29 Apr 2016
2913,29 Apr 2016
2914,29 Apr 2016
2915,29 Apr 2016
2916,29 Apr 2016
2917,29 Apr 2016
2918,29 Apr 2016
2919,29 Apr 2016
2920,29 Apr 2016
2921,29 Apr 2016
2922,29 Apr 2016
2923,29 Apr 2016
2924,29 Apr 2016
2925,29 Apr 2016
2926,29 Apr 2016
2927,29 Apr 2016
2928,29 Apr 2016
2929,29 Apr 2016
2930,29 Apr 2016
2931,29 Apr 2016
2932,29 Apr 2016
2933,29 Apr 2016
2934,29 Apr 2016
2935,28 Apr 2016
2936,25 Apr 2016
2937,25 Apr 2016
2938,23 Apr 2016
2939,22 Apr 2016
2940,21 Apr 2016
2941,21 Apr 2016
2942,21 Apr 2016
2943,21 Apr 2016
2944,21 Apr 2016
2945,18 Apr 2016
2946,17 Apr 2016
2947,17 Apr 2016
2948,16 Apr 2016
2949,16 Apr 2016
2950,16 Apr 2016
2951,15 Apr 2016
2952,15 Apr 2016
2953,14 Apr 2016
2954,14 Apr 2016
2955,14 Apr 2016
2956,14 Apr 2016
2957,14 Apr 2016
2958,14 Apr 2016
2959,14 Apr 2016
2960,14 Apr 2016
2961,14 Apr 2016
2962,14 Apr 2016
2963,14 Apr 2016
2964,14 Apr 2016
2965,14 Apr 2016
2966,14 Apr 2016
2967,14 Apr 2016
2968,14 Apr 2016
2969,14 Apr 2016
2970,14 Apr 2016
2971,14 Apr 2016
2972,14 Apr 2016
2973,14 Apr 2016
2974,13 Apr 2016
2975,13 Apr 2016
2976,12 Apr 2016
2977,10 Apr 2016
2978,9 Apr 2016
2979,9 Apr 2016
2980,9 Apr 2016
2981,8 Apr 2016
2982,8 Apr 2016
2983,7 Apr 2016
2984,5 Apr 2016
2985,5 Apr 2016
2986,5 Apr 2016
2987,5 Apr 2016
2988,5 Apr 2016
2989,5 Apr 2016
2990,5 Apr 2016
2991,5 Apr 2016
2992,1 Apr 2016
2993,30 Mar 2016
2994,30 Mar 2016
2995,30 Mar 2016
2996,30 Mar 2016
2997,30 Mar 2016
2998,30 Mar 2016
2999,30 Mar 2016
3000,29 Mar 2016
3001,29 Mar 2016
3002,29 Mar 2016
3003,29 Mar 2016
3004,28 Mar 2016
3005,28 Mar 2016
3006,28 Mar 2016
3007,28 Mar 2016
3008,26 Mar 2016
3009,25 Mar 2016
3010,25 Mar 2016
3011,25 Mar 2016
3012,24 Mar 2016
3013,23 Mar 2016
3014,22 Mar 2016
3015,22 Mar 2016
3016,22 Mar 2016
3017,22 Mar 2016
3018,22 Mar 2016
3019,22 Mar 2016
3020,22 Mar 2016
3021,22 Mar 2016
3022,22 Mar 2016
3023,22 Mar 2016
3024,21 Mar 2016
3025,21 Mar 2016
3026,21 Mar 2016
3027,21 Mar 2016
3028,19 Mar 2016
3029,19 Mar 2016
3030,19 Mar 2016
3031,19 Mar 2016
3032,19 Mar 2016
3033,18 Mar 2016
3034,17 Mar 2016
3035,16 Mar 2016
3036,15 Mar 2016
3037,14 Mar 2016
3038,13 Mar 2016
3039,13 Mar 2016
3040,13 Mar 2016
3041,13 Mar 2016
3042,12 Mar 2016
3043,12 Mar 2016
3044,11 Mar 2016
3045,10 Mar 2016
3046,10 Mar 2016
3047,10 Mar 2016
3048,10 Mar 2016
3049,10 Mar 2016
3050,8 Mar 2016
3051,8 Mar 2016
3052,8 Mar 2016
3053,8 Mar 2016
3054,8 Mar 2016
3055,7 Mar 2016
3056,6 Mar 2016
3057,5 Mar 2016
3058,5 Mar 2016
3059,4 Mar 2016
3060,2 Mar 2016
3061,1 Mar 2016
3062,1 Mar 2016
3063,29 Feb 2016
3064,25 Feb 2016
3065,24 Feb 2016
3066,23 Feb 2016
3067,23 Feb 2016
3068,23 Feb 2016
3069,23 Feb 2016
3070,21 Feb 2016
3071,21 Feb 2016
3072,21 Feb 2016
3073,21 Feb 2016
3074,21 Feb 2016
3075,21 Feb 2016
3076,21 Feb 2016
3077,20 Feb 2016
3078,19 Feb 2016
3079,19 Feb 2016
3080,19 Feb 2016
3081,19 Feb 2016
3082,19 Feb 2016
3083,19 Feb 2016
3084,18 Feb 2016
3085,18 Feb 2016
3086,18 Feb 2016
3087,18 Feb 2016
3088,18 Feb 2016
3089,18 Feb 2016
3090,18 Feb 2016
3091,18 Feb 2016
3092,18 Feb 2016
3093,18 Feb 2016
3094,18 Feb 2016
3095,18 Feb 2016
3096,18 Feb 2016
3097,18 Feb 2016
3098,14 Feb 2016
3099,12 Feb 2016
3100,12 Feb 2016
3101,12 Feb 2016
3102,12 Feb 2016
3103,12 Feb 2016
3104,12 Feb 2016
3105,12 Feb 2016
3106,12 Feb 2016
3107,12 Feb 2016
3108,12 Feb 2016
3109,12 Feb 2016
3110,12 Feb 2016
3111,11 Feb 2016
3112,11 Feb 2016
3113,11 Feb 2016
3114,11 Feb 2016
3115,11 Feb 2016
3116,11 Feb 2016
3117,11 Feb 2016
3118,11 Feb 2016
3119,11 Feb 2016
3120,11 Feb 2016
3121,10 Feb 2016
3122,10 Feb 2016
3123,10 Feb 2016
3124,10 Feb 2016
3125,9 Feb 2016
3126,9 Feb 2016
3127,9 Feb 2016
3128,9 Feb 2016
3129,9 Feb 2016
3130,9 Feb 2016
3131,9 Feb 2016
3132,9 Feb 2016
3133,9 Feb 2016
3134,9 Feb 2016
3135,9 Feb 2016
3136,9 Feb 2016
3137,9 Feb 2016
3138,8 Feb 2016
3139,8 Feb 2016
3140,7 Feb 2016
3141,7 Feb 2016
3142,6 Feb 2016
3143,5 Feb 2016
3144,5 Feb 2016
3145,5 Feb 2016
3146,5 Feb 2016
3147,5 Feb 2016
3148,5 Feb 2016
3149,4 Feb 2016
3150,4 Feb 2016
3151,4 Feb 2016
3152,4 Feb 2016
3153,4 Feb 2016
3154,4 Feb 2016
3155,4 Feb 2016
3156,4 Feb 2016
3157,4 Feb 2016
3158,4 Feb 2016
3159,4 Feb 2016
3160,4 Feb 2016
3161,3 Feb 2016
3162,2 Feb 2016
3163,2 Feb 2016
3164,1 Feb 2016
3165,1 Feb 2016
3166,1 Feb 2016
3167,1 Feb 2016
3168,1 Feb 2016
3169,31 Jan 2016
3170,31 Jan 2016
3171,30 Jan 2016
3172,30 Jan 2016
3173,30 Jan 2016
3174,29 Jan 2016
3175,29 Jan 2016
3176,28 Jan 2016
3177,28 Jan 2016
3178,28 Jan 2016
3179,28 Jan 2016
3180,28 Jan 2016
3181,28 Jan 2016
3182,28 Jan 2016
3183,28 Jan 2016
3184,27 Jan 2016
3185,27 Jan 2016
3186,27 Jan 2016
3187,27 Jan 2016
3188,27 Jan 2016
3189,26 Jan 2016
3190,26 Jan 2016
3191,26 Jan 2016
3192,26 Jan 2016
3193,26 Jan 2016
3194,26 Jan 2016
3195,26 Jan 2016
3196,26 Jan 2016
3197,26 Jan 2016
3198,26 Jan 2016
3199,26 Jan 2016
3200,26 Jan 2016
3201,26 Jan 2016
3202,26 Jan 2016
3203,26 Jan 2016
3204,25 Jan 2016
3205,23 Jan 2016
3206,23 Jan 2016
3207,23 Jan 2016
3208,23 Jan 2016
3209,23 Jan 2016
3210,23 Jan 2016
3211,23 Jan 2016
3212,23 Jan 2016
3213,22 Jan 2016
3214,22 Jan 2016
3215,22 Jan 2016
3216,22 Jan 2016
3217,22 Jan 2016
3218,22 Jan 2016
3219,22 Jan 2016
3220,22 Jan 2016
3221,22 Jan 2016
3222,22 Jan 2016
3223,22 Jan 2016
3224,22 Jan 2016
3225,22 Jan 2016
3226,22 Jan 2016
3227,22 Jan 2016
3228,22 Jan 2016
3229,22 Jan 2016
3230,22 Jan 2016
3231,22 Jan 2016
3232,22 Jan 2016
3233,22 Jan 2016
3234,22 Jan 2016
3235,22 Jan 2016
3236,22 Jan 2016
3237,22 Jan 2016
3238,22 Jan 2016
3239,22 Jan 2016
3240,22 Jan 2016
3241,22 Jan 2016
3242,22 Jan 2016
3243,22 Jan 2016
3244,22 Jan 2016
3245,22 Jan 2016
3246,22 Jan 2016
3247,22 Jan 2016
3248,22 Jan 2016
3249,21 Jan 2016
3250,21 Jan 2016
3251,20 Jan 2016
3252,19 Jan 2016
3253,19 Jan 2016
3254,19 Jan 2016
3255,19 Jan 2016
3256,19 Jan 2016
3257,18 Jan 2016
3258,18 Jan 2016
3259,18 Jan 2016
3260,18 Jan 2016
3261,18 Jan 2016
3262,18 Jan 2016
3263,18 Jan 2016
3264,18 Jan 2016
3265,18 Jan 2016
3266,18 Jan 2016
3267,17 Jan 2016
3268,15 Jan 2016
3269,15 Jan 2016
3270,15 Jan 2016
3271,15 Jan 2016
3272,15 Jan 2016
3273,14 Jan 2016
3274,14 Jan 2016
3275,14 Jan 2016
3276,14 Jan 2016
3277,13 Jan 2016
3278,13 Jan 2016
3279,13 Jan 2016
3280,13 Jan 2016
3281,13 Jan 2016
3282,13 Jan 2016
3283,13 Jan 2016
3284,13 Jan 2016
3285,12 Jan 2016
3286,12 Jan 2016
3287,12 Jan 2016
3288,12 Jan 2016
3289,12 Jan 2016
3290,12 Jan 2016
3291,12 Jan 2016
3292,12 Jan 2016
3293,12 Jan 2016
3294,12 Jan 2016
3295,12 Jan 2016
3296,12 Jan 2016
3297,12 Jan 2016
3298,11 Jan 2016
3299,11 Jan 2016
3300,11 Jan 2016
3301,11 Jan 2016
3302,11 Jan 2016
3303,11 Jan 2016
3304,10 Jan 2016
3305,10 Jan 2016
3306,10 Jan 2016
3307,9 Jan 2016
3308,9 Jan 2016
3309,8 Jan 2016
3310,8 Jan 2016
3311,8 Jan 2016
3312,8 Jan 2016
3313,8 Jan 2016
3314,8 Jan 2016
3315,8 Jan 2016
3316,8 Jan 2016
3317,8 Jan 2016
3318,8 Jan 2016
3319,8 Jan 2016
3320,8 Jan 2016
3321,8 Jan 2016
3322,8 Jan 2016
3323,8 Jan 2016
3324,8 Jan 2016
3325,8 Jan 2016
3326,8 Jan 2016
3327,8 Jan 2016
3328,8 Jan 2016
3329,8 Jan 2016
3330,8 Jan 2016
3331,8 Jan 2016
3332,8 Jan 2016
3333,8 Jan 2016
3334,8 Jan 2016
3335,8 Jan 2016
3336,8 Jan 2016
3337,8 Jan 2016
3338,8 Jan 2016
3339,8 Jan 2016
3340,8 Jan 2016
3341,7 Jan 2016
3342,7 Jan 2016
3343,7 Jan 2016
3344,7 Jan 2016
3345,7 Jan 2016
3346,7 Jan 2016
3347,7 Jan 2016
3348,7 Jan 2016
3349,7 Jan 2016
3350,7 Jan 2016
3351,7 Jan 2016
3352,7 Jan 2016
3353,7 Jan 2016
3354,7 Jan 2016
3355,7 Jan 2016
3356,7 Jan 2016
3357,7 Jan 2016
3358,7 Jan 2016
3359,7 Jan 2016
3360,7 Jan 2016
3361,7 Jan 2016
3362,7 Jan 2016
3363,7 Jan 2016
3364,7 Jan 2016
3365,7 Jan 2016
3366,7 Jan 2016
3367,7 Jan 2016
3368,7 Jan 2016
3369,7 Jan 2016
3370,7 Jan 2016
3371,7 Jan 2016
3372,7 Jan 2016
3373,7 Jan 2016
3374,7 Jan 2016
3375,7 Jan 2016
3376,7 Jan 2016
3377,7 Jan 2016
3378,7 Jan 2016
3379,7 Jan 2016
3380,7 Jan 2016
3381,7 Jan 2016
3382,14 Dec 2015
3383,10 Dec 2015
3384,9 Dec 2015
3385,9 Dec 2015
3386,9 Dec 2015
3387,9 Dec 2015
3388,9 Dec 2015
3389,26 Nov 2015
3390,26 Nov 2015